<?xml version="1.0" encoding="UTF-8"?>
<!DOCTYPE suite SYSTEM "https://testng.org/testng-1.0.dtd">
<suite name="Suite" thread-count="5">
	<listeners>
	<listener class-name="utilities.ExtentReportManager"/>
	</listeners>
  <test name="Test">
	<parameter name="browser" value="chrome"></parameter>
    <classes>
      <class name="testCases.TC001_URLValidation"/>
      <class name="testCases.TC003_Navigation_Bar_visibility"/>
      
    </classes>
  </test> <!-- Test -->
</suite> <!-- Suite -->
