<?xml version="1.0" encoding="UTF-8"?>
<!DOCTYPE suite SYSTEM "https://testng.org/testng-1.0.dtd">
<suite name="Suite" thread-count="5">
	
  <test name="Test">
  	<parameter name="operatingSystem" value="windows"></parameter>
	<parameter name="browser" value="chrome"></parameter>
    <classes>
      <class name="testCases.TC001_URLValidation"/>
      <class name="testCases.TC003_Navigation_Bar_visibility"/>
      <class name="testCases.TC004_Navigation_Bar_Fields"/>
    </classes>
  </test> <!-- Test -->
</suite> <!-- Suite -->
