<?xml version="1.0" encoding="UTF-8"?>
<!DOCTYPE suite SYSTEM "https://testng.org/testng-1.0.dtd">
<suite name="Suite" thread-count="5" >
<listeners>
<listener class-name="utilities.ExtentReportManager"/>
</listeners>
  <test  name="ChromeTest">
	<parameter name="browser" value="chrome"></parameter>
    <classes>
     <class name="testCases.TC001_URLValidation"/>
      <class name="testCases.TC003_Navigation_Bar_visibility"/>
      <class name="testCases.TC004_Navigation_Bar_Fields"/>
      <class name="testCases.TC005_HomePageTitle"/>
      <class name="testCases.TC006_HomePageBackground"/>
      <class name="testCases.TC008_HomePageApplicationName"/>
      <class name="testCases.TC009_HomePageFormValidation"/>
      <class name="testCases.TC009_HomePagePlaceHolder"/>
      <class name="testCases.TC011_HomePageResponsive"/>
      <class name="testCases.TC012_MandatoryRequired"/> 
      <class name="testCases.TC012_to_TC018_PresenceOfFields"/> 
      <class name="testCases.TC017_TextBoxesEditable"/> 
      <class name="testCases.TC019_To_TC026_DataDrivenTest"/> 
      <class name="testCases.TC027_ResultSectionAfterEmptyClick"/> 
      <class name="testCases.TC028_ResultSectionBeforeAction"/> 
      <class name="testCases.TC029_To_TC033_ResultValidation"/> 
    </classes>
    
  </test> <!-- Test -->
  <test  name="EdgeTest">
	<parameter name="browser" value="edge"></parameter>
    <classes>
     <class name="testCases.TC001_URLValidation"/>
      <class name="testCases.TC003_Navigation_Bar_visibility"/>
      <class name="testCases.TC004_Navigation_Bar_Fields"/>
      <class name="testCases.TC005_HomePageTitle"/>
      <class name="testCases.TC006_HomePageBackground"/>
      <class name="testCases.TC008_HomePageApplicationName"/>
      <class name="testCases.TC009_HomePageFormValidation"/>
      <class name="testCases.TC009_HomePagePlaceHolder"/>
      <class name="testCases.TC011_HomePageResponsive"/>
      <class name="testCases.TC012_MandatoryRequired"/> 
      <class name="testCases.TC012_to_TC018_PresenceOfFields"/> 
      <class name="testCases.TC017_TextBoxesEditable"/> 
      <class name="testCases.TC019_To_TC026_DataDrivenTest"/> 
      <class name="testCases.TC027_ResultSectionAfterEmptyClick"/> 
      <class name="testCases.TC028_ResultSectionBeforeAction"/> 
      <class name="testCases.TC029_To_TC033_ResultValidation"/> 
    </classes>
    
  </test> <!-- Test -->
  
  
</suite> <!-- Suite -->
