<?xml version="1.0" encoding="UTF-8"?>
<!DOCTYPE suite SYSTEM "https://testng.org/testng-1.0.dtd">
<suite name="Suite" thread-count="5" parallel="tests">
  <test  name="ChromeTest">
  	<parameter name="operatingSystem" value="windows"></parameter>
	<parameter name="browser" value="chrome"></parameter>
    <classes>
      <class name="testCases.TC_001_BillAmount_InputBoxValidation"/>
    </classes>
    
  </test> <!-- Test -->
  <test  name="EdgeTest">
  	<parameter name="operatingSystem" value="windows"></parameter>
	<parameter name="browser" value="edge"></parameter>
    <classes>
      <class name="testCases.TC_001_BillAmount_InputBoxValidation"/>
    </classes>
    
  </test> <!-- Test -->
  <test  name="FirefoxTest">
  	<parameter name="operatingSystem" value="windows"></parameter>
	<parameter name="browser" value="firefox"></parameter>
    <classes>
      <class name="testCases.TC_001_BillAmount_InputBoxValidation"/>
    </classes>
  </test> <!-- Test -->
  
</suite> <!-- Suite -->
